feature,f_binary,mi_binary,rf_binary,agg_stageA,f_type6,mi_type6,rf_type6,agg_stageB,selected,in_stageA,in_stageB
aa_E,266.30477742749446,0.11734121790493135,0.009895009152429898,0.2078480981484593,2121.463206127949,0.633041856214752,0.03375500147542683,0.9464276066606773,True,True,True
aromatic,3198.287603433036,0.1435948011191881,0.023932238570692623,0.47206928284866106,1614.6056614981262,0.6501945854608009,0.03424547253373945,0.8508349977071791,True,True,True
cysteine_frac,515.801172366553,0.12193108729841162,0.01788853460422697,0.28604262314326917,546.7033716227503,0.644717473969725,0.03763719676269872,0.796701527359687,True,True,True
dp_TL,693.2505253392713,0.10934178961765761,0.0039951844815502785,0.1850552295854705,2233.4308071486826,0.43357279003178917,0.023173495792081923,0.6340884071037087,True,True,True
aa_Y,4023.33616901385,0.14355087466167782,0.03660575881445793,0.6171343305255481,832.5986106099165,0.5823265563060667,0.024754291273762285,0.6269330430139877,True,True,True
charged,297.0213134325845,0.12114113819830452,0.008284460397509361,0.1903277550176589,899.7883684315145,0.6299149804153101,0.020448309396052588,0.6218525947073021,True,True,True
length,3669.6315025739186,0.26285406360386365,0.10245504303915985,0.965623009972059,278.3311525801871,0.6163718405215703,0.02871074778274064,0.6092439580918964,True,True,True
aa_V,55.20935859128857,0.09221618590822933,0.007907779848051652,0.1580946451580732,1076.5445992038233,0.5645329682675553,0.020111424301153973,0.6012508742954242,True,True,True
glycine_frac,2902.1678865221015,0.14060329682772488,0.022922604993645533,0.4291458656514459,807.1028988805572,0.5785688241652287,0.020504397490549577,0.5575539925218871,True,True,True
dp_DF,2544.8675738538705,0.07361380864050004,0.004567690650669496,0.27243356659262363,2360.249812222767,0.3282835782750837,0.012139720324951465,0.5355474677376459,True,True,True
dp_AP,373.26492953852204,0.07642076028832245,0.0013662957350149185,0.09112976695548487,1482.8445182257146,0.39186723628829334,0.01081783570615465,0.5271625422260532,True,False,True
aa_F,655.3090342677522,0.09277142982994935,0.008249790105401666,0.18289914810912633,846.1864895434189,0.5451604856667482,0.019966526943792397,0.5263774612267342,True,True,True
aa_R,2639.8069069350754,0.16926325252915708,0.046392225694726175,0.5692355690396941,652.7733772281324,0.5974388960817703,0.01706747648052957,0.5255399573713144,True,True,True
aa_N,700.6361678581,0.09765025788570836,0.01747326742592849,0.2939391768724576,596.0234382929169,0.5453555708135829,0.017750680742399928,0.5205120227946352,True,True,True
aa_W,587.5216195546883,0.09142530947375183,0.00988329829865101,0.1957033699952621,538.4164886566655,0.5238271738193196,0.0168541531256947,0.5201556202285194,True,True,True
aa_I,164.9083866529767,0.09083501260057791,0.006685311763575985,0.15071176830390226,715.3737971275744,0.5326500478397844,0.01826325344760212,0.5188676695465227,True,False,True
dp_GG,1762.8378065590398,0.1177170013429305,0.02110967909160945,0.320021292571457,765.6504674582669,0.45508000002578264,0.01689705456611617,0.4849175376542403,True,True,True
dp_GT,1898.2668654561605,0.08812294149478084,0.00578014674360036,0.21686627500808175,2024.653140325629,0.4017541534990414,0.010602899428328205,0.46906237184990196,True,True,True
dp_EE,305.81588286760973,0.08876860202755998,0.003933912735041694,0.1314241621474997,2215.7081274419943,0.23095276381394658,0.01396881645843117,0.4655015589658639,True,False,True
aa_Q,1908.82785805603,0.1305969911749929,0.024874706256145573,0.38276435665870484,464.25746526895796,0.5177520964859741,0.016541925133678293,0.45643698775128233,True,True,True
aa_L,4760.676792330867,0.15593746119483454,0.04281425888094042,0.6768912017951391,454.85576363676495,0.5075898936426788,0.01560675107470578,0.4560744130708803,True,True,True
aa_A,1353.4444612971972,0.10608595977565649,0.0096893278615928,0.260425507691314,580.4839391746054,0.5324133946067424,0.009923359931889066,0.425391897782384,True,True,True
dp_SF,1462.8560354503784,0.06094809752504671,0.003169010640335315,0.15654080956435384,1621.9587673403416,0.28609286783565935,0.014749177888493161,0.42088904277809697,True,True,True
dp_TY,2607.822327486659,0.06080395330275845,0.0022182539290119224,0.20705143825278366,1930.3092733617548,0.29148656527419314,0.009153263311003659,0.4114421387438568,True,True,True
dp_EA,4.240775979332713,0.07053789325246251,0.002659616136487947,0.08783236191305345,1144.645728096676,0.21810728506539778,0.01265006783656951,0.3874638908904836,True,False,True
hydrophobic,419.6983650242113,0.13303061176975617,0.0172061149307409,0.2923893135211453,280.7080219114933,0.5155979336881527,0.012144334776605412,0.38672969710479327,True,True,True
dp_LE,9.229886381207947,0.12772177918062466,0.004981939057295154,0.1973784847263091,1049.163488821605,0.4162150019068882,0.006827103737555066,0.37202466563930103,True,True,True
aa_K,108.59657686962419,0.09722691776674952,0.00882282820664519,0.17542036494564045,222.39188985153714,0.5283754585056686,0.008279080878745317,0.3636536027142944,True,True,True
dp_NS,753.751889492801,0.07758926776524788,0.0019014682445376674,0.133387922580228,1537.9764898131593,0.28686833483890695,0.009424305011312813,0.3619725954570418,True,False,True
aa_T,778.0187930197268,0.1055950039774578,0.008514287096796927,0.18754755690701289,588.9061720244058,0.5151306140559027,0.008975632140500596,0.3597041438579029,True,True,True
aa_D,1465.9821569761295,0.11131896285505083,0.010705923353656817,0.26398150329674674,403.7034875607376,0.5384304190750253,0.0075636212623849276,0.3548896907544063,True,True,True
dp_GD,1965.1179405245796,0.07937033996863341,0.006629984055399123,0.23024034371571395,535.5826204762193,0.3604673942608878,0.010176591019901489,0.3530122778295255,True,True,True
dp_SC,1961.091414888919,0.053637571363168046,0.0016235595065856108,0.15360457278512485,1688.988026698269,0.25854256525664177,0.006372997378122444,0.35044668269453283,True,False,True
dp_YG,2660.063227995255,0.07750049105202672,0.008001379218607914,0.28626079627227063,1059.7708012789183,0.36419581629776365,0.006636028552256029,0.34764461685486897,True,True,True
polar,472.2528778672135,0.10211381106962536,0.008892760048348908,0.18311925222806197,400.63080928212855,0.5069730512192434,0.008294665295407759,0.3469588332097591,True,True,True
proline_frac,1745.2394183653348,0.10355602851189971,0.012429697893106828,0.2614995474681849,306.44601936414256,0.477167330771342,0.009306371169731424,0.3390487387202837,True,True,True
dp_SD,528.1739945043186,0.07991640967228753,0.001800628514137687,0.12133111493775914,1398.1579798668765,0.2900262604859303,0.007192166340935679,0.3240495425706213,True,False,True
aa_M,378.31102520676603,0.0782802639532143,0.00616280848494516,0.13651072259259875,449.7841247966652,0.49431259766523006,0.00631595875220027,0.3237915600302186,True,False,True
dp_YV,2345.3586952099236,0.05834826940876625,0.0017259504305942612,0.1876817113163609,1844.620846094206,0.2712212307524773,0.004295509402868298,0.3187154273001691,True,True,True
dp_NG,2167.45211302208,0.07673279600577243,0.003907220773468508,0.2206154331836974,1292.2453492316167,0.3002045412852219,0.005684606006685916,0.31037207049086474,True,True,True
dp_AT,2835.073727246186,0.09763581981186564,0.00990959883234932,0.3070284943313356,1048.218116781192,0.3417364805360772,0.0058598837887134875,0.3047959142541699,True,True,True
dp_VE,193.08519408070822,0.05587305775030482,0.0023357078178912597,0.07920328831606173,1262.4918498640527,0.19146969694026295,0.007340577566628901,0.30363601532476814,True,False,True
aa_H,470.38125626927535,0.08355479388433085,0.006570948842212328,0.14815636889749434,193.4965450340914,0.45885798444034664,0.007318798930407638,0.30009814044979444,True,False,True
dp_TE,274.87922505859166,0.055851865358691466,0.0014072126709469346,0.058736697314502026,1224.023215074131,0.25146540935242845,0.007146554737066855,0.29215708827594183,True,False,True
dp_AG,1380.610614121595,0.07741562145556768,0.006351210956340756,0.2120373095835983,670.3391559915426,0.2987895701712153,0.007404696037648023,0.29082397031750773,True,True,True
dp_ET,261.5423640652015,0.04926959730678493,0.00155404070128339,0.05683692181767372,1161.622786413178,0.17339058075594282,0.00654097099155374,0.28569397127174795,True,False,True
dp_AE,106.5510785833183,0.06605851892934322,0.002259238899867305,0.0863340591527122,819.6510952681842,0.19468905576386275,0.007007543870691014,0.28383090726923477,True,False,True
aa_S,1936.2543966747464,0.11100341800241509,0.017729365216829315,0.35298865022553655,313.77492784201087,0.48333697797065067,0.005664121154842452,0.2832923944686656,True,True,True
dp_EG,1160.2711239031269,0.07930824447465601,0.004171381322836578,0.1627559103896443,585.8517619177649,0.3143399240042726,0.006965450467971513,0.2797858090873519,True,True,True
dp_EP,36.45616442534052,0.025896768448315788,0.0010139175532043203,0.020634625401766908,1285.4348889681055,0.07447660471520834,0.008773332178060285,0.26225216929619555,True,False,True
dp_EV,132.1606202867969,0.040929949294123746,0.002433296094188419,0.06115507787065983,1063.2321196075839,0.16904723231183816,0.0065852480361927295,0.25979434404301394,False,False,False
dp_AA,1095.3708543842467,0.10225084777004101,0.0033528205156969533,0.18378429304811336,586.3329910250068,0.34664010478432683,0.0048094701230721616,0.25816558857999666,True,True,False
dp_PV,32.368942407964084,0.060087344338900284,0.001730993582236268,0.07226551314775338,859.8448063864362,0.2563691291310617,0.002303869315425892,0.24451002293713003,False,False,False
dp_DG,367.44796259856037,0.04903919785771138,0.003501522477120079,0.0959413254118209,507.4369184461857,0.1650978619927379,0.009190955922608627,0.23873276771672133,False,False,False
dp_PE,17.993164714907,0.05633741025127348,0.0016289928147706545,0.06345447364494333,910.2692263655802,0.16981467126729388,0.006491674484362938,0.23199738285571356,False,False,False
dp_PA,20.200352477544065,0.046574416849249456,0.001764460351923041,0.04795139396498696,691.2213976259812,0.19240764001526633,0.005108701255401467,0.22088001558748807,False,False,False
dp_GR,419.95833420854785,0.05365125953569194,0.0067247906880994945,0.12644962008263924,353.8386576336803,0.2529114270444195,0.005551359665966913,0.2177647870623753,False,False,False
dp_EK,6.267365843947744,0.07179141710437098,0.002393960873893979,0.08812800737991551,516.6756432488686,0.24353543886834084,0.003369757646494552,0.21153033938288568,False,False,False
dp_TA,1126.3731662594396,0.07851835547978281,0.0019261508289937963,0.13907832272048426,700.410082089977,0.26634608188938147,0.0032547993787946333,0.1995757869003786,False,False,False
dp_LY,240.60775805404543,0.03247732975786288,0.0018761089585528142,0.05821647605895526,439.8501970120631,0.14167405464408356,0.00680762075214384,0.19811312125265373,False,False,False
dp_LL,453.10212330165166,0.12350386260706947,0.006816331984927094,0.2125997059079397,213.9218759504397,0.3296497496334063,0.003042713356818455,0.19685992109746941,True,True,False
dp_KI,1946.3072018254004,0.09385468864310731,0.004911953991791269,0.21115275653526588,139.14423252789715,0.3773731555152202,0.0019324994377276947,0.19337033440384951,True,True,False
dp_SL,548.6377287788913,0.12406212699904029,0.009244869672130868,0.29708989042602685,246.59634865700622,0.29737661893962697,0.002677951680944323,0.18912405003169683,True,True,False
dp_VA,1930.62150809279,0.09254064646019944,0.006975889582443205,0.24492763584546176,324.61995461673814,0.315698153100064,0.002363444926709211,0.18559838228243983,True,True,False
dp_KE,54.06705765257626,0.06744066736505738,0.002082110144992222,0.08564249448969348,534.9205380647411,0.16548161018205887,0.00386152027951875,0.17859747637314471,False,False,False
dp_LA,61.91344144397349,0.09518995542919306,0.0035510776238741703,0.12880459100380398,83.27648059711713,0.3132563781491422,0.003295631613083078,0.17839908814829325,False,False,False
dp_RQ,557.7247744526078,0.04430959431492654,0.0012963499876910574,0.06599300758073426,533.9349019433014,0.23358975822456607,0.003481890083263634,0.17830870499589396,False,False,False
dp_IS,401.51715042295854,0.06459649315227467,0.0018725551423294847,0.0866364269957542,284.9293217075894,0.2713703200602229,0.002436633000216042,0.17403958062511637,False,False,False
dp_MA,739.3292267493908,0.038474533670809885,0.0030715011550849994,0.1140721801295787,233.98025091977084,0.19155346018548114,0.004568555095658202,0.17165385637954364,False,False,False
dp_FK,904.7046978704494,0.035168157316422866,0.003127711813448386,0.11833751783282202,462.48442890348474,0.13633301663642694,0.0046458925739856155,0.16873514918514187,False,False,False
dp_KK,30.113055540607117,0.06200214383161007,0.002616557501451634,0.0796847334041481,381.39763288756376,0.16407034248292662,0.00495155038186215,0.16598918291831047,False,False,False
dp_CG,659.8162450310957,0.03814768306468075,0.004971874861294816,0.14901290554769733,290.5768942362329,0.17244447875574043,0.005439701708007886,0.1632171458761489,False,False,False
dp_GI,397.88040538466356,0.0374317600815699,0.0014715810770753088,0.06388047336720143,128.91247272628976,0.14854860521073832,0.006006536323842979,0.1614023442644094,False,False,False
dp_GS,0.02490141887918512,0.07833271986460089,0.0027109168263610476,0.10351580049280609,148.01415332495236,0.22048658290729284,0.0038352599612674187,0.15989904030528568,False,False,False
dp_PC,667.1821172822674,0.018184944508297773,0.0031197359817654122,0.06623689208666848,379.1581805579769,0.11255800048223819,0.006826454382013276,0.15987329438930714,False,False,False
dp_KP,49.3192493894094,0.05375030624600674,0.0014387579013365596,0.05650689100970122,435.4394060384364,0.21050922672396322,0.0016440387295055731,0.15611490018595048,False,False,False
dp_VT,252.25515111642488,0.05353242388349799,0.0015315436557540275,0.06255599954958639,186.20583460022758,0.23898422154585708,0.002724839037327507,0.1553865247719943,False,False,False
dp_SE,19.04902549791907,0.08696336079312106,0.0016461147529670949,0.09963803960558722,212.47128212880963,0.2875224798171283,0.001238337316862219,0.15392452522032105,False,False,False
dp_GQ,756.1448269164672,0.03543531516843701,0.00632317665183295,0.1533743922445689,191.73413392008632,0.1634974480509479,0.004277208378048105,0.15045389234073048,False,False,False
dp_KA,327.7623284861581,0.06291337061197577,0.0021504016547929136,0.09041063661127037,204.68561204520987,0.2018004866495282,0.0027878572798994655,0.14702296802300957,False,False,False
dp_ES,1.902195916753673,0.06505597002700436,0.0018066118569615426,0.06755533673515993,268.85203358338936,0.24657822926364137,0.002103509866803579,0.14600408553510413,False,False,False
dp_ST,1.2197298338391842,0.0649504481703671,0.001682246931447948,0.07278880945674279,116.44246073818934,0.16949007133471694,0.004459726761455917,0.1402892063290397,False,False,False
dp_RK,159.5706264807253,0.05798559548869653,0.003985159050984901,0.11075474168401828,496.59451687094804,0.19741384008672913,0.0014075582023000204,0.1400888273354255,False,False,False
dp_AS,28.081874997762448,0.08951048935925199,0.0021577586449979674,0.09878094144560631,156.19542753168366,0.2680341685561647,0.0017899016197929344,0.13834665839978785,False,False,False
dp_TT,922.6502810241849,0.06414518625431054,0.0026764934932469262,0.10974642818775372,173.53391649066134,0.27511777219043543,0.0015861586472599423,0.13831149388249642,False,False,False
dp_PL,253.07202570414788,0.06758798937242871,0.0018946642165426123,0.10080640151386334,262.80152440395005,0.21920791824130248,0.0017938114098051006,0.13157626993428875,False,False,False
dp_VS,9.819231477330378,0.061349534791148574,0.0019499668158072545,0.07348803652345427,136.8386042146328,0.13793932569005785,0.004134687305341149,0.1312703095419176,False,False,False
dp_GL,4.63598894471867,0.06570151839933036,0.0026280449691116936,0.0795424146557141,216.2105026775075,0.2078995012750351,0.002348872909359699,0.13017797587531815,False,False,False
dp_VV,64.15776343790274,0.03964623427562031,0.003205687653916523,0.0656080006844431,321.2348752215051,0.1501014687693507,0.0029812707822974086,0.12871200826890558,False,False,False
dp_GK,363.36122037333155,0.054652668671043125,0.0021407964995267003,0.08634207566490834,109.34314135327571,0.19124826327158972,0.0024976152361777942,0.12811597561262122,False,False,False
dp_DT,982.178976331575,0.05185014864895354,0.0009330782075556086,0.09413954563730692,191.5828978233869,0.23783200386603331,0.0011225323436211169,0.12734735201719152,False,False,False
dp_LF,325.97873599543414,0.058253077598411585,0.001751886474410467,0.07432527612337744,240.78370501657778,0.23620468284905627,0.0012592592992343146,0.12699587775829396,False,False,False
dp_EQ,0.5608315968974131,0.027095909189381207,0.0023463723814609308,0.027565375670935154,357.4866771304761,0.1241703863356971,0.004151428800229155,0.12599561379704013,False,False,False
dp_IK,1010.7693722489535,0.04621107442377248,0.0026169199563796687,0.14578129683761865,203.45483265920058,0.1746573893713177,0.0022880478206296043,0.1258028109056173,False,False,False
dp_LD,10.950983371410796,0.06112582750546536,0.0019389510019192447,0.07800247509023431,208.69277338659901,0.16072273073301124,0.0026763659801877374,0.12380469852360837,False,False,False
dp_AV,9.546146671412982,0.04146237977414713,0.002175989577011309,0.05196571874869499,269.8297319829525,0.16679004372527118,0.002634899071470355,0.12219288246034091,False,False,False
dp_VG,370.9353082671876,0.03156808231223884,0.004989419951300591,0.12074093004236339,298.187391529036,0.14581085428390583,0.0025619319801068437,0.12122584383672173,False,False,False
dp_AD,1806.323406595763,0.07007460135542498,0.0066736034485622014,0.23906266839202317,196.78676348963884,0.21596264290990996,0.0014424464950688503,0.11989506681759589,True,True,False
dp_LV,62.29235173374669,0.04786870496476281,0.002180690530229491,0.06115825719570717,230.1828816575139,0.1667298816278957,0.002602290895181227,0.11759276124154752,False,False,False
dp_EL,263.4977726067671,0.06893554885849551,0.002474782671791919,0.0985851001862263,137.2249266091881,0.18497072259672898,0.002274633276993233,0.11690943997291453,False,False,False
dp_SG,9.081175662327889,0.06251840149730548,0.0032828795839462853,0.0920012760408758,164.4520418671405,0.18193531327974544,0.0024496189518667553,0.11676754646058883,False,False,False
dp_SV,106.86394846457742,0.06070405229858067,0.0018480436262199968,0.07650481142541599,343.31420700129814,0.1417855767131595,0.002211342201710522,0.11663419958372337,False,False,False
dp_GV,87.99006579163259,0.03105864829753191,0.002241027776861174,0.046613243469997206,172.80801988312874,0.13364865802385095,0.003629799750489536,0.11513817794600165,False,False,False
dp_PK,187.21734693856476,0.03581054748858192,0.0010826272314863525,0.03295973412127062,191.33432459971522,0.15598010943124718,0.0020632751476240513,0.11499831556247272,False,False,False
dp_IV,266.45100854883844,0.03077293558156713,0.002342125175939971,0.06292442165765158,139.2765024553579,0.15714422023919106,0.002686338757100738,0.11488216690088887,False,False,False
dp_TV,79.34967831807609,0.0430007011551119,0.0018998442094496156,0.051757311520264415,163.40497985680332,0.1597795980933716,0.002270543801996923,0.11267781986569288,False,False,False
dp_IA,1064.1991109855499,0.05336621482015724,0.002976662342877892,0.14486709975833126,110.45429481517145,0.18103290340782152,0.0021822369971876763,0.1120728053413008,False,False,False
dp_SS,2083.260302730861,0.10706789733271926,0.016151608681052324,0.2726814676740298,253.69753765989597,0.15281441092189363,0.002543286937395128,0.10674794115289198,True,True,False
dp_AI,609.2425448791842,0.04605656067031538,0.0024233551216869694,0.11225988104124165,61.21214760921219,0.16225884261462387,0.002253252513394477,0.10478961504946563,False,False,False
dp_IL,3.726951362583834,0.047864694096175775,0.0020087079455343017,0.05569396418606205,97.93252341748509,0.19315676646951907,0.00186466074526288,0.1044376052734169,False,False,False
dp_IE,506.42593118167116,0.036479258531012304,0.0023872569112277984,0.08170849456576236,215.87773260635134,0.1463967508994819,0.0022218644443073965,0.1027541674380484,False,False,False
dp_LS,1897.435537919761,0.1070277359214582,0.011354047433534164,0.3006361345459365,77.1977836006322,0.1762339575587495,0.0021580159876637413,0.10149590092493996,True,True,False
dp_VD,260.85827348226053,0.03386227757949345,0.003042904729502028,0.07090492396969691,244.8196284833558,0.12068016755854627,0.0024717197761379016,0.1011483744828332,False,False,False
dp_AL,636.8574575721611,0.07126397366163228,0.0027365833159557385,0.12162477424783696,171.11909920449895,0.1602993427576025,0.0020464124445763094,0.09950086359928326,False,False,False
dp_VL,289.5649899429275,0.05702686409885338,0.0035024006991534497,0.0908413156978192,107.58339785519779,0.16153126446239252,0.002129488179247745,0.09934223586874263,False,False,False
dp_RN,463.94462598962133,0.022604463048764067,0.0026673197926458427,0.06405318669471546,267.4291731764444,0.13362679478850925,0.0023570445920860373,0.09918322037791012,False,False,False
dp_QQ,38.01239059112744,0.023677557375425096,0.0021195389610136656,0.032257813814088945,277.55403158657595,0.07977624079052203,0.004460078640104049,0.09827537043670101,False,False,False
dp_SR,11.111719356469726,0.056758982283895865,0.0016478076813279737,0.05512444431541586,161.1457190590752,0.20564147131590405,0.0009647932327167541,0.09721472718491937,False,False,False
dp_LG,197.56748344034816,0.06805195411330023,0.0034753496436955287,0.10528630780384458,32.19730102708795,0.17554299153190334,0.001878761903349229,0.09719827979589712,False,False,False
dp_DE,116.86327240736861,0.043044771131989235,0.0026903338299870396,0.07293571881069798,173.4337118816129,0.14581940943681726,0.0020238224538445338,0.0955108919342951,False,False,False
dp_LK,683.0278761886507,0.08391059912969134,0.004854724391472709,0.18802204450817606,109.66322304765546,0.1453670892467196,0.0021586676161419855,0.09538314729874427,True,True,False
dp_KV,346.2396386792119,0.051223762196991984,0.0018494734319753233,0.07693664070354961,192.92090851429478,0.16367668039597794,0.001398137191933456,0.09493537050359173,False,False,False
dp_LT,264.7374482263508,0.055532671580288184,0.002333387245028297,0.08333431434024048,99.78260134717424,0.10717364763755022,0.00303930336749536,0.09363038102397472,False,False,False
dp_DI,329.71701680582584,0.028001727588357728,0.0014736035494678755,0.04605442909058028,87.88048216477868,0.13059355446427023,0.0021080376122266714,0.09229703997504916,False,False,False
dp_TG,83.1014485122205,0.03850462056739845,0.0018132243976769081,0.04947743476194837,18.56839717179103,0.13310471990308326,0.002944513902929095,0.0908330371519172,False,False,False
dp_SI,11.14763822295683,0.03181933431416306,0.001369531990001547,0.03275345615331767,267.5084664132403,0.12234652438502591,0.001608262404875416,0.09069693169288355,False,False,False
dp_AK,205.64380093840043,0.04171335585019342,0.0017011171083151859,0.059931164277975624,42.400680843518536,0.14985425163812272,0.0019544381334256605,0.08907537357387878,False,False,False
dp_EI,201.9021128013928,0.04452091998145136,0.002008966403996998,0.06334205684829691,192.02080948760116,0.1410465598996571,0.0017964753268416515,0.08902165998147935,False,False,False
dp_TK,263.20611945735396,0.027089151475734097,0.0017127407499863533,0.038441880555401924,227.47962682592896,0.10749812979940554,0.0013246574161794292,0.08857407292950796,False,False,False
dp_GP,47.445338118880215,0.02864315182172783,0.0021523235630706056,0.036148583037177384,161.15363245984648,0.11154996255517213,0.0022893510664237426,0.0847426794644338,False,False,False
dp_NL,1.3434138597060319,0.04488306329694547,0.0015170192591164664,0.04802070120085919,178.2757477516051,0.13581831582641213,0.0016130327567633032,0.08471761613601474,False,False,False
dp_VK,198.1863214167037,0.04097277016895773,0.0018643435242263677,0.06424159062846707,224.50890528234444,0.12393545424996733,0.0016482886032097453,0.08449354883763184,False,False,False
dp_RE,222.4031687305263,0.03226962269411948,0.002773576799619415,0.0561138043710485,284.50646915397436,0.08556239664301257,0.002142904220634416,0.0820624884963981,False,False,False
dp_YK,869.0585488852307,0.03539538752750726,0.0028803475981595654,0.11892216835215019,191.4082645054899,0.11546172981877234,0.0017437314249745864,0.0812373493925688,False,False,False
dp_ID,524.516666600698,0.026764891437152327,0.002035857045595798,0.07168318177915116,174.45120230787938,0.1082188738496721,0.0017104563256885748,0.08078585681412095,False,False,False
dp_PG,452.0419695989937,0.04057390097620828,0.003126445926602007,0.0704977102463025,167.77895957658257,0.09697095655941679,0.002044484139387465,0.07987266637120378,False,False,False
dp_TS,270.8363743281401,0.061681802206941194,0.0014871263582044584,0.08067328645181088,173.46418981274343,0.1256315799694958,0.0014659955303304628,0.07900811317745401,False,False,False
dp_LI,21.91299655020518,0.042562233768290936,0.0017292028646523961,0.04452442793169072,156.9055964867486,0.13602715181148106,0.0014072268648150613,0.07877133650453003,False,False,False
dp_DV,172.4212933157719,0.03474842787789156,0.0017734254484665236,0.048835345197379115,140.1734988235327,0.1114725147775415,0.0020524370994718113,0.07835820997040208,False,False,False
dp_DA,468.14967410696835,0.031393366278471335,0.0027246488669670815,0.07510682053736972,195.33982662830496,0.1288171417936108,0.0014125840364188685,0.07770390291848614,False,False,False
dp_KL,154.68628405710194,0.06516788655094152,0.002273875084142837,0.08306036416200582,71.13871801593467,0.13256736294692084,0.0021684055693856025,0.07697878564861099,False,False,False
dp_SA,74.75831748689555,0.06424987273067839,0.0019629949478449254,0.07470593828819996,43.3178489098894,0.15594748140029058,0.0014859831312806185,0.07673783038264836,False,False,False
dp_KT,38.793540088561244,0.031027848574884276,0.0012463430814164188,0.025310469756724796,126.16254721481184,0.1146601413533963,0.0014856059426397482,0.07420759195230946,False,False,False
dp_RL,1014.6488851014637,0.05333043479855237,0.003086771426422939,0.12595449365285966,122.24009460029671,0.10441631023106357,0.0021618399444778076,0.07389388183735066,False,False,False
dp_DL,374.3020096535514,0.05688192029626782,0.0024084977065143834,0.09409499137514404,54.37382627743665,0.10172243754458377,0.002356290280868553,0.0732773319831379,False,False,False
dp_KY,810.1206000682525,0.022625123330856534,0.00191382372531864,0.0874344640920634,171.65369478811382,0.10500197813288281,0.001413102580643485,0.07275676783854874,False,False,False
dp_TP,122.11921606887094,0.0304032720136318,0.0012428689478873305,0.0327342175679429,282.3214911334184,0.08240713249726905,0.0020274226274304033,0.07228849624236958,False,False,False
dp_II,14.073961971257823,0.01624443498302286,0.0012787433381783561,0.011087920219264124,148.12863336425286,0.08990575686160085,0.0018641123756377638,0.07220880863662085,False,False,False
dp_AQ,31.38261187143983,0.02402614702692496,0.0013653568571388279,0.022298837541923393,79.00183496439604,0.10994762081492926,0.0018977895479506271,0.07171555098242943,False,False,False
dp_GA,5.509658003199096,0.04289885641721236,0.0023126231984069837,0.049535321035542965,21.952778441178307,0.11461725090625396,0.0019202339682009451,0.0691574030044762,False,False,False
dp_ER,177.08402960406914,0.029189242528942838,0.002058899598731487,0.046168824171603416,180.86006522966346,0.09760011963287107,0.0015607006357795542,0.06865156161545209,False,False,False
dp_KS,77.93682751518027,0.03533496983053985,0.0014285447805459386,0.03576411974034106,178.95218740156426,0.11024222307627474,0.0015754292063389888,0.06762452678397257,False,False,False
dp_RG,19.51564129640033,0.019344130172647578,0.0035558116936098066,0.04067178444078274,168.4580882970531,0.09587336774171717,0.00152091754324034,0.0670671606567076,False,False,False
dp_VP,1.094145756647126,0.037570587956656354,0.0012089528552516144,0.031052261596943683,115.6033046771009,0.09298650519225005,0.0014615095945693074,0.0641379090017635,False,False,False
dp_LR,1150.4281991162954,0.05797157200824543,0.00473624940248041,0.16579747535205663,119.78300133821902,0.09855856900262339,0.00136492829234592,0.06066592942673277,True,True,False
dp_LN,91.63804148400152,0.03201196658086247,0.0015839630503058611,0.041300816240602375,188.34396374967486,0.0846051359747868,0.0012071075454316517,0.06030507773186116,False,False,False
dp_QG,92.01204089713522,0.02036764087675591,0.001958912497429425,0.023987799660489414,70.13096716933481,0.08551518303905192,0.0017005510547989599,0.06026335770977928,False,False,False
dp_VI,31.142390718016088,0.020621369610148932,0.001620633000086933,0.026773741374072565,116.11201100655471,0.09252436191697333,0.0015788463425226993,0.05968370574038233,False,False,False
dp_PT,6.229429121265196,0.03332546616934473,0.0011636738738589213,0.025023273445333668,81.41808507475055,0.09003734301026878,0.0016748882690112458,0.05875894069816763,False,False,False
dp_QE,352.1443830871945,0.03850103358282997,0.0014801402952855987,0.04915194666553694,182.1600994728854,0.0879239667415681,0.0012054897861956961,0.05838918302206661,False,False,False
dp_TI,305.85368165556446,0.031217342801699743,0.0014510035681681835,0.04384837642827604,86.2137985939768,0.11266474957134376,0.0010717303275516834,0.055355939508457165,False,False,False
dp_AF,53.61018438501743,0.026569291705951237,0.0013918647416866416,0.026953845193111035,46.78599868082654,0.09781659373799156,0.0014640639493359075,0.0553120370217832,False,False,False
dp_HG,364.7273489532143,0.02457386265830519,0.0007417313911361751,0.0268688508043204,54.513412720845245,0.07911550993589245,0.0016119617204617025,0.05431237154902324,False,False,False
dp_GE,0.3783545301030825,0.03597868579810837,0.0022158964939485363,0.047691665034666285,88.70883786419762,0.10115335243026324,0.0011501582668629762,0.05429383460808607,False,False,False
dp_AR,2.0452008152669565,0.027157397262049576,0.0016720187713297758,0.027885385746560583,92.18401998051174,0.09647034918683284,0.001358221239743213,0.05423887073906027,False,False,False
dp_KG,71.76601718659442,0.022407887553364647,0.0016398459780659256,0.02698735742562905,80.06552863193191,0.09752497232413182,0.0014168553462102654,0.05407251611417877,False,False,False
dp_QL,707.349403629535,0.043712008293120386,0.0019322431236151575,0.09284687115306495,128.58099096764064,0.10467820513676163,0.0009678842753579812,0.05366096850801441,False,False,False
dp_LP,1433.6499027066968,0.06646579441206746,0.004467347058864167,0.18567519656428877,58.01054577902703,0.07807996266209294,0.0018963715184816207,0.05021254486500801,True,True,False
dp_DD,30.168745490313217,0.02403863280073959,0.0015203138593288187,0.021689084320203764,67.94092872739,0.10812642658949789,0.0010653955218002727,0.04963310864032627,False,False,False
dp_IT,191.41361328006536,0.024387802068948083,0.0011408157295091515,0.025102058793957643,63.062830255671344,0.07982453833118708,0.0016771670744797377,0.049336572091148834,False,False,False
dp_DS,288.03537338782564,0.052463689613164055,0.0015562848171786204,0.08275904059255126,71.53474735525913,0.0983586322722414,0.0010163818478730634,0.049260396805586686,False,False,False
dp_VR,1.785481396728105,0.01555357242867661,0.0021761158846514456,0.02165162832567166,85.44129424017216,0.06487578529733584,0.0015840249930259012,0.049037571745060064,False,False,False
dp_KR,106.93596267288012,0.03475972532638849,0.0016711794191357928,0.0431595979448135,154.3058461174622,0.09322312433062985,0.0009462626905048532,0.04804071719025762,False,False,False
dp_IG,205.51270372480067,0.02122840265996495,0.0019418275581694993,0.04622693942599913,114.65584757464525,0.07532944720686308,0.0012070800014947966,0.04742267774895757,False,False,False
dp_FS,20.633094638097038,0.027567792087711762,0.0015653581123258814,0.026515621291068218,66.56552855464629,0.08141649121400008,0.001318413089746351,0.046645923733009804,False,False,False
dp_KD,7.478526262366271,0.02620659770300282,0.001238451805659839,0.018995479532391977,63.98468040111894,0.08390028419672646,0.0013643603003302314,0.046171448639377353,False,False,False
dp_NE,122.83110982837461,0.02120476172662933,0.0017914206300311457,0.030342654810602585,130.5538078901871,0.08372281808429216,0.0010083965087821787,0.04592407404438406,False,False,False
dp_VF,63.659221452669186,0.023656176463311196,0.0012417288422546724,0.020210300548828518,84.87250210493893,0.09475131171857143,0.0008823970977650288,0.04576268544702048,False,False,False
dp_PS,1013.0090348538772,0.06506486852580085,0.0026649989091617446,0.13465439071277296,54.8869532493063,0.09695932878526792,0.0011184682013468034,0.04561985296770711,False,False,False
dp_FL,377.7824792443145,0.028557270867894724,0.002934702161854016,0.060725727748403624,93.24009226241584,0.08077771178507742,0.001363008749141188,0.04534537038523147,False,False,False
dp_QR,16.18166639384451,0.01209185338752361,0.0014428376147862451,0.012060515518728762,162.0236810786161,0.06925924949860729,0.0012128393334901533,0.04423084806707292,False,False,False
dp_DP,5.675223235776648,0.018867351966491253,0.0016117071488478405,0.01765364980338758,117.70621499521658,0.07931822741817252,0.0010403244113284331,0.04368681936676326,False,False,False
dp_SK,216.1361055587606,0.043107297962604596,0.0014446290303467115,0.05119873190195532,81.19405488145169,0.08422121339562372,0.0010742396439837325,0.04221479569252874,False,False,False
dp_RR,328.8469374814377,0.028149148134505975,0.0018763784979040513,0.04469175581834983,156.89486168072756,0.07641633857616625,0.000999926130785953,0.04139925295689119,False,False,False
dp_RA,87.62766921735506,0.02006358213767312,0.0015251831346085308,0.021856001969585495,117.45207915649672,0.06892625689644793,0.001204146228072282,0.04101338975173055,False,False,False
dp_RV,6.711222525052465,0.019720221119639447,0.0017408851511030424,0.020223898482086205,102.87744194135347,0.07384561922226895,0.000959581024880299,0.037710929399552014,False,False,False
dp_SN,26.582366915749017,0.022559261345390436,0.001299357694042117,0.015539821849953993,137.55430407995368,0.0693504635869373,0.0009047139696475663,0.037121686337609636,False,False,False
dp_SP,1814.7288380678046,0.07312228907436769,0.010430385935694238,0.2397119519262279,62.014956797303306,0.07083165981500494,0.0012249931470695212,0.03682698380253411,True,True,False
dp_DK,253.78370977483715,0.02324475426384076,0.0012279756437477967,0.02647438587350845,32.75665000483605,0.08259487949214783,0.0011064699322528228,0.03658647403086421,False,False,False
dp_KN,129.46278302369174,0.017982650030542224,0.0011956201813752962,0.01375732309058749,115.95508782638535,0.07480368402601423,0.0008940571535114824,0.03591126726076954,False,False,False
dp_PP,754.8015408934981,0.06710045446551205,0.006268146038717959,0.13882156472262436,48.669492214451914,0.06338310932417635,0.001589675507655375,0.03558002295268653,False,False,False
dp_EN,54.74905338310926,0.03314031248312821,0.0012646027537954031,0.02751770325914546,83.46750256121928,0.08174889625017334,0.0007988755828899081,0.035028982541914,False,False,False
dp_ED,984.1293853273844,0.05844917060841204,0.005074856825189652,0.15808954292407232,42.725966939849876,0.0744857021882881,0.0009306736015250825,0.03489586575219967,True,True,False
dp_LQ,2243.052553993031,0.07140088051127202,0.010949701854872387,0.3218497745263376,109.16385919509759,0.05250389775315645,0.0009345857220663921,0.031098421326636108,True,True,False
dp_RS,384.1182298080817,0.04190399144700607,0.0014470100540729593,0.05685571794183804,57.8371166610505,0.0722307371662585,0.0008453371176992554,0.030901563741050766,False,False,False
dp_SQ,567.8644401922863,0.03467858552761771,0.00166787672853102,0.05760895926515479,89.81424725799846,0.06270466444520784,0.0005966054536802955,0.022825886432446974,False,False,False
dp_QK,135.7372187141064,0.015395166744748057,0.0011337714126649606,0.008725644597469736,91.878096614601,0.055024547615492025,0.0006488155401718046,0.02160698094127978,False,False,False
dp_QA,173.49297642397968,0.024449497955518762,0.0012604682754097274,0.020170901839483585,24.659483528806053,0.06275313553657513,0.0005937753506731849,0.019557493364899228,False,False,False
dp_RP,206.04301812611553,0.01781430945144269,0.00162999572380574,0.018617117158209143,58.09233409386111,0.0393844096039353,0.0007327956370688967,0.013365812344785103,False,False,False
dp_PR,404.1447679581769,0.017459267108360654,0.001768458906780592,0.02492395241973727,36.957665615720664,0.03570730572867875,0.0004253485665882987,0.0011779528371617621,False,False,False
